customerId,customerName,address,email,phone,credit,status,remarks
1,Quinta Bollen,Mindyak,qbollen0@foxnews.com,850-291-6747,23420,true,"In hac habitasse platea dictumst. Etiam faucibus cursus urna. Ut tellus.

Nulla ut erat id mauris vulputate elementum. Nullam varius. Nulla facilisi.

Cras non velit nec nisi vulputate nonummy. Maecenas tincidunt lacus at velit. Vivamus vel nulla eget eros elementum pellentesque."
2,Anjela Morbey,Cangqian,amorbey1@constantcontact.com,685-774-2804,21371,true,"In sagittis dui vel nisl. Duis ac nibh. Fusce lacus purus, aliquet at, feugiat non, pretium quis, lectus.

Suspendisse potenti. In eleifend quam a odio. In hac habitasse platea dictumst."
3,Ethelda Salliss,Botlhapatlou,esalliss2@jalbum.net,274-830-8376,30056,true,"Phasellus in felis. Donec semper sapien a libero. Nam dui.

Proin leo odio, porttitor id, consequat in, consequat ut, nulla. Sed accumsan felis. Ut at dolor quis odio consequat varius."
4,Brena Cassley,Pokrovskoye-Streshnëvo,bcassley3@vinaora.com,303-775-5781,19133,true,"Praesent blandit. Nam nulla. Integer pede justo, lacinia eget, tincidunt eget, tempus vel, pede.

Morbi porttitor lorem id ligula. Suspendisse ornare consequat lectus. In est risus, auctor sed, tristique in, tempus sit amet, sem.

Fusce consequat. Nulla nisl. Nunc nisl."
5,Casie Bibb,Plan de Ayala,cbibb4@fastcompany.com,306-987-9475,44850,true,"Aliquam quis turpis eget elit sodales scelerisque. Mauris sit amet eros. Suspendisse accumsan tortor quis turpis.

Sed ante. Vivamus tortor. Duis mattis egestas metus."
6,Sherwood Lestrange,Liaonan,slestrange5@ucsd.edu,927-233-6878,38434,false,Suspendisse potenti. In eleifend quam a odio. In hac habitasse platea dictumst.
7,Rube Megarry,Foundiougne,rmegarry6@liveinternet.ru,487-311-2882,18328,false,"Phasellus in felis. Donec semper sapien a libero. Nam dui.

Proin leo odio, porttitor id, consequat in, consequat ut, nulla. Sed accumsan felis. Ut at dolor quis odio consequat varius."
8,Denny Bowgen,Kadugadung,dbowgen7@google.pl,852-713-4959,48924,true,"Curabitur in libero ut massa volutpat convallis. Morbi odio odio, elementum eu, interdum eu, tincidunt in, leo. Maecenas pulvinar lobortis est."
9,Sanders Sandeland,Xindeng,ssandeland8@soup.io,979-955-2324,29677,false,Nullam porttitor lacus at turpis. Donec posuere metus vitae ipsum. Aliquam non mauris.
10,Helsa Knappe,Martapura,hknappe9@friendfeed.com,262-924-7102,25867,false,"Cum sociis natoque penatibus et magnis dis parturient montes, nascetur ridiculus mus. Vivamus vestibulum sagittis sapien. Cum sociis natoque penatibus et magnis dis parturient montes, nascetur ridiculus mus."
11,Vito Ucceli,Popovo,vuccelia@youku.com,598-139-3042,20026,false,"Integer ac leo. Pellentesque ultrices mattis odio. Donec vitae nisi.

Nam ultrices, libero non mattis pulvinar, nulla pede ullamcorper augue, a suscipit nulla elit ac nulla. Sed vel enim sit amet nunc viverra dapibus. Nulla suscipit ligula in lacus."
12,Krystalle Cotterel,El Calafate,kcotterelb@ft.com,635-207-1234,45970,true,"Morbi non lectus. Aliquam sit amet diam in magna bibendum imperdiet. Nullam orci pede, venenatis non, sodales sed, tincidunt eu, felis."
13,Persis Ludvigsen,Andkhōy,pludvigsenc@printfriendly.com,200-380-0891,35974,false,"Sed sagittis. Nam congue, risus semper porta volutpat, quam pede lobortis ligula, sit amet eleifend pede libero quis orci. Nullam molestie nibh in lectus."
14,Locke Semkins,Carmen,lsemkinsd@oracle.com,367-201-2646,31725,true,"Suspendisse potenti. In eleifend quam a odio. In hac habitasse platea dictumst.

Maecenas ut massa quis augue luctus tincidunt. Nulla mollis molestie lorem. Quisque ut erat."
15,Merridie D'Alesco,Passos,mdalescoe@lycos.com,189-977-6599,36274,false,"Donec diam neque, vestibulum eget, vulputate ut, ultrices vel, augue. Vestibulum ante ipsum primis in faucibus orci luctus et ultrices posuere cubilia Curae; Donec pharetra, magna vestibulum aliquet ultrices, erat tortor sollicitudin mi, sit amet lobortis sapien sapien non mi. Integer ac neque.

Duis bibendum. Morbi non quam nec dui luctus rutrum. Nulla tellus.

In sagittis dui vel nisl. Duis ac nibh. Fusce lacus purus, aliquet at, feugiat non, pretium quis, lectus."
16,Diahann Avon,Jiazhuang,davonf@xrea.com,590-911-5310,36850,true,"Proin interdum mauris non ligula pellentesque ultrices. Phasellus id sapien in sapien iaculis congue. Vivamus metus arcu, adipiscing molestie, hendrerit at, vulputate vitae, nisl.

Aenean lectus. Pellentesque eget nunc. Donec quis orci eget orci vehicula condimentum."
17,Gibby Bruyns,Hebu,gbruynsg@wikimedia.org,124-956-0104,12482,false,"Sed sagittis. Nam congue, risus semper porta volutpat, quam pede lobortis ligula, sit amet eleifend pede libero quis orci. Nullam molestie nibh in lectus."
18,Felicity Breadon,Sixi,fbreadonh@kickstarter.com,111-213-6649,29456,true,"Maecenas tristique, est et tempus semper, est quam pharetra magna, ac consequat metus sapien ut nunc. Vestibulum ante ipsum primis in faucibus orci luctus et ultrices posuere cubilia Curae; Mauris viverra diam vitae quam. Suspendisse potenti."
19,Kordula Stidston,El Potrero,kstidstoni@ifeng.com,162-420-6598,23351,true,"Phasellus in felis. Donec semper sapien a libero. Nam dui.

Proin leo odio, porttitor id, consequat in, consequat ut, nulla. Sed accumsan felis. Ut at dolor quis odio consequat varius."
20,Reinaldo Schuck,Montpellier,rschuckj@constantcontact.com,306-167-6331,44319,true,"Curabitur gravida nisi at nibh. In hac habitasse platea dictumst. Aliquam augue quam, sollicitudin vitae, consectetuer eget, rutrum at, lorem."
21,Maryellen Climpson,Sammatti,mclimpsonk@tripadvisor.com,835-102-7704,40414,false,"Quisque porta volutpat erat. Quisque erat eros, viverra eget, congue eget, semper rutrum, nulla. Nunc purus.

Phasellus in felis. Donec semper sapien a libero. Nam dui."
22,Hayyim Hryniewicz,Mahates,hhryniewiczl@yandex.ru,663-268-4881,14331,true,"In hac habitasse platea dictumst. Morbi vestibulum, velit id pretium iaculis, diam erat fermentum justo, nec condimentum neque sapien placerat ante. Nulla justo.

Aliquam quis turpis eget elit sodales scelerisque. Mauris sit amet eros. Suspendisse accumsan tortor quis turpis.

Sed ante. Vivamus tortor. Duis mattis egestas metus."
23,Josselyn McCrie,Santa Rosa de Viterbo,jmccriem@netlog.com,236-811-4639,28674,false,"Lorem ipsum dolor sit amet, consectetuer adipiscing elit. Proin risus. Praesent lectus."
24,Rowan McCuis,Xingang,rmccuisn@independent.co.uk,483-858-9826,39647,true,"Proin eu mi. Nulla ac enim. In tempor, turpis nec euismod scelerisque, quam turpis adipiscing lorem, vitae mattis nibh ligula nec sem.

Duis aliquam convallis nunc. Proin at turpis a pede posuere nonummy. Integer non velit.

Donec diam neque, vestibulum eget, vulputate ut, ultrices vel, augue. Vestibulum ante ipsum primis in faucibus orci luctus et ultrices posuere cubilia Curae; Donec pharetra, magna vestibulum aliquet ultrices, erat tortor sollicitudin mi, sit amet lobortis sapien sapien non mi. Integer ac neque."
25,Mandi Prantl,Belmopan,mprantlo@cbc.ca,786-485-0343,19641,true,"Morbi porttitor lorem id ligula. Suspendisse ornare consequat lectus. In est risus, auctor sed, tristique in, tempus sit amet, sem."
26,Sammy Minchi,Tirana,sminchip@businessinsider.com,387-891-8980,27642,false,"Maecenas tristique, est et tempus semper, est quam pharetra magna, ac consequat metus sapien ut nunc. Vestibulum ante ipsum primis in faucibus orci luctus et ultrices posuere cubilia Curae; Mauris viverra diam vitae quam. Suspendisse potenti."
27,Karil Rodder,Kalýves Polygýrou,krodderq@umn.edu,851-408-0637,35727,false,"Proin leo odio, porttitor id, consequat in, consequat ut, nulla. Sed accumsan felis. Ut at dolor quis odio consequat varius.

Integer ac leo. Pellentesque ultrices mattis odio. Donec vitae nisi."
28,Quintilla Philippard,Pākpattan,qphilippardr@blogs.com,626-195-9946,32434,true,"Vestibulum quam sapien, varius ut, blandit non, interdum in, ante. Vestibulum ante ipsum primis in faucibus orci luctus et ultrices posuere cubilia Curae; Duis faucibus accumsan odio. Curabitur convallis.

Duis consequat dui nec nisi volutpat eleifend. Donec ut dolor. Morbi vel lectus in quam fringilla rhoncus.

Mauris enim leo, rhoncus sed, vestibulum sit amet, cursus id, turpis. Integer aliquet, massa id lobortis convallis, tortor risus dapibus augue, vel accumsan tellus nisi eu orci. Mauris lacinia sapien quis libero."
29,Demetre Stanyland,Bader,dstanylands@ucoz.com,456-425-9112,40802,true,"Maecenas tristique, est et tempus semper, est quam pharetra magna, ac consequat metus sapien ut nunc. Vestibulum ante ipsum primis in faucibus orci luctus et ultrices posuere cubilia Curae; Mauris viverra diam vitae quam. Suspendisse potenti.

Nullam porttitor lacus at turpis. Donec posuere metus vitae ipsum. Aliquam non mauris.

Morbi non lectus. Aliquam sit amet diam in magna bibendum imperdiet. Nullam orci pede, venenatis non, sodales sed, tincidunt eu, felis."
30,Shayne Sudell,Soloneshnoye,ssudellt@qq.com,882-257-6793,14455,true,Aliquam quis turpis eget elit sodales scelerisque. Mauris sit amet eros. Suspendisse accumsan tortor quis turpis.
31,Harry Hallybone,Anh Son,hhallyboneu@amazon.co.uk,871-764-0545,35925,true,"Aenean fermentum. Donec ut mauris eget massa tempor convallis. Nulla neque libero, convallis eget, eleifend luctus, ultricies eu, nibh.

Quisque id justo sit amet sapien dignissim vestibulum. Vestibulum ante ipsum primis in faucibus orci luctus et ultrices posuere cubilia Curae; Nulla dapibus dolor vel est. Donec odio justo, sollicitudin ut, suscipit a, feugiat et, eros."
32,Isabelita Adolfson,Cantapoy,iadolfsonv@amazon.com,624-122-8594,26633,true,"Suspendisse potenti. In eleifend quam a odio. In hac habitasse platea dictumst.

Maecenas ut massa quis augue luctus tincidunt. Nulla mollis molestie lorem. Quisque ut erat.

Curabitur gravida nisi at nibh. In hac habitasse platea dictumst. Aliquam augue quam, sollicitudin vitae, consectetuer eget, rutrum at, lorem."
33,Saunder Formby,Goim,sformbyw@goo.ne.jp,530-632-9112,11193,true,"Cras mi pede, malesuada in, imperdiet et, commodo vulputate, justo. In blandit ultrices enim. Lorem ipsum dolor sit amet, consectetuer adipiscing elit.

Proin interdum mauris non ligula pellentesque ultrices. Phasellus id sapien in sapien iaculis congue. Vivamus metus arcu, adipiscing molestie, hendrerit at, vulputate vitae, nisl.

Aenean lectus. Pellentesque eget nunc. Donec quis orci eget orci vehicula condimentum."
34,Cozmo Bussons,Umeå,cbussonsx@jimdo.com,423-807-7326,15123,false,"Quisque id justo sit amet sapien dignissim vestibulum. Vestibulum ante ipsum primis in faucibus orci luctus et ultrices posuere cubilia Curae; Nulla dapibus dolor vel est. Donec odio justo, sollicitudin ut, suscipit a, feugiat et, eros.

Vestibulum ac est lacinia nisi venenatis tristique. Fusce congue, diam id ornare imperdiet, sapien urna pretium nisl, ut volutpat sapien arcu sed augue. Aliquam erat volutpat."
35,Thornie Nickerson,Tangban,tnickersony@issuu.com,695-616-9937,33585,false,Aliquam quis turpis eget elit sodales scelerisque. Mauris sit amet eros. Suspendisse accumsan tortor quis turpis.
36,Gwynne Burley,Cajueiro,gburleyz@php.net,574-848-3643,16201,true,"In congue. Etiam justo. Etiam pretium iaculis justo.

In hac habitasse platea dictumst. Etiam faucibus cursus urna. Ut tellus."
37,Anissa Bockin,Pulau Pinang,abockin10@ucla.edu,743-185-9950,42595,false,Etiam vel augue. Vestibulum rutrum rutrum neque. Aenean auctor gravida sem.
38,Lammond Greville,Vil’nyans’k,lgreville11@goodreads.com,660-342-4978,10939,true,"Vestibulum ac est lacinia nisi venenatis tristique. Fusce congue, diam id ornare imperdiet, sapien urna pretium nisl, ut volutpat sapien arcu sed augue. Aliquam erat volutpat.

In congue. Etiam justo. Etiam pretium iaculis justo.

In hac habitasse platea dictumst. Etiam faucibus cursus urna. Ut tellus."
39,Broddy Smerdon,Batang,bsmerdon12@tmall.com,270-866-2021,18103,true,"In quis justo. Maecenas rhoncus aliquam lacus. Morbi quis tortor id nulla ultrices aliquet.

Maecenas leo odio, condimentum id, luctus nec, molestie sed, justo. Pellentesque viverra pede ac diam. Cras pellentesque volutpat dui."
40,Robyn Sumpner,Ti-n-Essako,rsumpner13@bigcartel.com,885-808-5458,29063,true,"Aenean lectus. Pellentesque eget nunc. Donec quis orci eget orci vehicula condimentum.

Curabitur in libero ut massa volutpat convallis. Morbi odio odio, elementum eu, interdum eu, tincidunt in, leo. Maecenas pulvinar lobortis est.

Phasellus sit amet erat. Nulla tempus. Vivamus in felis eu sapien cursus vestibulum."
41,Wesley Cherrington,La Huerta,wcherrington14@dagondesign.com,997-368-6482,44010,true,"In hac habitasse platea dictumst. Etiam faucibus cursus urna. Ut tellus.

Nulla ut erat id mauris vulputate elementum. Nullam varius. Nulla facilisi.

Cras non velit nec nisi vulputate nonummy. Maecenas tincidunt lacus at velit. Vivamus vel nulla eget eros elementum pellentesque."
42,Seamus Saipy,Tangquan,ssaipy15@woothemes.com,810-175-7583,34519,true,"In congue. Etiam justo. Etiam pretium iaculis justo.

In hac habitasse platea dictumst. Etiam faucibus cursus urna. Ut tellus.

Nulla ut erat id mauris vulputate elementum. Nullam varius. Nulla facilisi."
43,Zach Laval,Kebili,zlaval16@oaic.gov.au,280-580-2481,29138,true,"In hac habitasse platea dictumst. Etiam faucibus cursus urna. Ut tellus.

Nulla ut erat id mauris vulputate elementum. Nullam varius. Nulla facilisi."
44,Tabbitha Dymond,Linhares,tdymond17@chronoengine.com,803-902-3412,11388,false,"In sagittis dui vel nisl. Duis ac nibh. Fusce lacus purus, aliquet at, feugiat non, pretium quis, lectus."
45,Lanni Lerigo,Diré,llerigo18@photobucket.com,480-713-5386,23151,false,"Nullam sit amet turpis elementum ligula vehicula consequat. Morbi a ipsum. Integer a nibh.

In quis justo. Maecenas rhoncus aliquam lacus. Morbi quis tortor id nulla ultrices aliquet.

Maecenas leo odio, condimentum id, luctus nec, molestie sed, justo. Pellentesque viverra pede ac diam. Cras pellentesque volutpat dui."
46,Leyla Dowzell,São José dos Campos,ldowzell19@people.com.cn,969-689-2488,12946,true,Sed ante. Vivamus tortor. Duis mattis egestas metus.
47,Domini Hanscomb,Jiuhua,dhanscomb1a@spotify.com,664-529-5792,12331,false,"Proin eu mi. Nulla ac enim. In tempor, turpis nec euismod scelerisque, quam turpis adipiscing lorem, vitae mattis nibh ligula nec sem."
48,Emory Kordt,Colón,ekordt1b@phoca.cz,850-719-8580,32338,true,"Curabitur gravida nisi at nibh. In hac habitasse platea dictumst. Aliquam augue quam, sollicitudin vitae, consectetuer eget, rutrum at, lorem."
49,Nikolai Malden,Gniechowice,nmalden1c@ftc.gov,440-940-5746,24147,false,"Integer ac leo. Pellentesque ultrices mattis odio. Donec vitae nisi.

Nam ultrices, libero non mattis pulvinar, nulla pede ullamcorper augue, a suscipit nulla elit ac nulla. Sed vel enim sit amet nunc viverra dapibus. Nulla suscipit ligula in lacus."
50,Kennith Tease,Bīr Zayt,ktease1d@biblegateway.com,886-246-7423,25730,true,Nullam porttitor lacus at turpis. Donec posuere metus vitae ipsum. Aliquam non mauris.
51,Tiebout Van den Velde,Montélimar,tvan1e@gravatar.com,523-952-6257,20375,false,"Quisque porta volutpat erat. Quisque erat eros, viverra eget, congue eget, semper rutrum, nulla. Nunc purus."
52,Ermengarde Masters,Xiantang,emasters1f@foxnews.com,278-525-7790,27488,true,"Duis consequat dui nec nisi volutpat eleifend. Donec ut dolor. Morbi vel lectus in quam fringilla rhoncus.

Mauris enim leo, rhoncus sed, vestibulum sit amet, cursus id, turpis. Integer aliquet, massa id lobortis convallis, tortor risus dapibus augue, vel accumsan tellus nisi eu orci. Mauris lacinia sapien quis libero."
53,Evelin McCarron,Lapa,emccarron1g@domainmarket.com,710-461-5355,41244,true,"Proin eu mi. Nulla ac enim. In tempor, turpis nec euismod scelerisque, quam turpis adipiscing lorem, vitae mattis nibh ligula nec sem.

Duis aliquam convallis nunc. Proin at turpis a pede posuere nonummy. Integer non velit.

Donec diam neque, vestibulum eget, vulputate ut, ultrices vel, augue. Vestibulum ante ipsum primis in faucibus orci luctus et ultrices posuere cubilia Curae; Donec pharetra, magna vestibulum aliquet ultrices, erat tortor sollicitudin mi, sit amet lobortis sapien sapien non mi. Integer ac neque."
54,Gerianne Dymond,Tor,gdymond1h@sina.com.cn,564-885-3502,29104,false,"Duis bibendum, felis sed interdum venenatis, turpis enim blandit mi, in porttitor pede justo eu massa. Donec dapibus. Duis at velit eu est congue elementum."
55,Stanislaus Critchlow,Xingou,scritchlow1i@example.com,173-676-8781,43513,true,In hac habitasse platea dictumst. Etiam faucibus cursus urna. Ut tellus.
56,Andreana Ambler,Xiaomiaozi,aambler1j@webmd.com,765-702-2131,20877,true,"Maecenas tristique, est et tempus semper, est quam pharetra magna, ac consequat metus sapien ut nunc. Vestibulum ante ipsum primis in faucibus orci luctus et ultrices posuere cubilia Curae; Mauris viverra diam vitae quam. Suspendisse potenti.

Nullam porttitor lacus at turpis. Donec posuere metus vitae ipsum. Aliquam non mauris.

Morbi non lectus. Aliquam sit amet diam in magna bibendum imperdiet. Nullam orci pede, venenatis non, sodales sed, tincidunt eu, felis."
57,Isidoro Rentoul,Petaẖ Tiqwa,irentoul1k@myspace.com,419-897-0486,23872,true,"Vestibulum quam sapien, varius ut, blandit non, interdum in, ante. Vestibulum ante ipsum primis in faucibus orci luctus et ultrices posuere cubilia Curae; Duis faucibus accumsan odio. Curabitur convallis."
58,Lazare Longmate,Vitez,llongmate1l@wordpress.org,414-930-3937,43927,false,"Praesent blandit. Nam nulla. Integer pede justo, lacinia eget, tincidunt eget, tempus vel, pede."
59,Inglebert Lacaze,Cicheng,ilacaze1m@4shared.com,661-859-7254,18331,true,"Pellentesque at nulla. Suspendisse potenti. Cras in purus eu magna vulputate luctus.

Cum sociis natoque penatibus et magnis dis parturient montes, nascetur ridiculus mus. Vivamus vestibulum sagittis sapien. Cum sociis natoque penatibus et magnis dis parturient montes, nascetur ridiculus mus."
60,Leonard Kinchin,Baranowo,lkinchin1n@columbia.edu,630-333-6318,28188,true,In hac habitasse platea dictumst. Etiam faucibus cursus urna. Ut tellus.
61,Wash Chicchetto,Mollās̄ānī,wchicchetto1o@myspace.com,901-158-1354,23289,false,"Quisque id justo sit amet sapien dignissim vestibulum. Vestibulum ante ipsum primis in faucibus orci luctus et ultrices posuere cubilia Curae; Nulla dapibus dolor vel est. Donec odio justo, sollicitudin ut, suscipit a, feugiat et, eros.

Vestibulum ac est lacinia nisi venenatis tristique. Fusce congue, diam id ornare imperdiet, sapien urna pretium nisl, ut volutpat sapien arcu sed augue. Aliquam erat volutpat."
62,Fernandina Dooley,Casselman,fdooley1p@nps.gov,603-654-3628,21498,true,"Mauris enim leo, rhoncus sed, vestibulum sit amet, cursus id, turpis. Integer aliquet, massa id lobortis convallis, tortor risus dapibus augue, vel accumsan tellus nisi eu orci. Mauris lacinia sapien quis libero."
63,Kaleena Gilbard,Florida,kgilbard1q@miitbeian.gov.cn,958-280-1820,19511,false,"In congue. Etiam justo. Etiam pretium iaculis justo.

In hac habitasse platea dictumst. Etiam faucibus cursus urna. Ut tellus."
64,Gladys Fleetham,Xinglong,gfleetham1r@infoseek.co.jp,859-482-7344,29383,false,"Proin interdum mauris non ligula pellentesque ultrices. Phasellus id sapien in sapien iaculis congue. Vivamus metus arcu, adipiscing molestie, hendrerit at, vulputate vitae, nisl.

Aenean lectus. Pellentesque eget nunc. Donec quis orci eget orci vehicula condimentum.

Curabitur in libero ut massa volutpat convallis. Morbi odio odio, elementum eu, interdum eu, tincidunt in, leo. Maecenas pulvinar lobortis est."
65,Ludovico Wiffield,Jīsh,lwiffield1s@smugmug.com,970-954-5970,43388,false,"Aliquam quis turpis eget elit sodales scelerisque. Mauris sit amet eros. Suspendisse accumsan tortor quis turpis.

Sed ante. Vivamus tortor. Duis mattis egestas metus.

Aenean fermentum. Donec ut mauris eget massa tempor convallis. Nulla neque libero, convallis eget, eleifend luctus, ultricies eu, nibh."
66,Karim Barwick,Al Ghizlānīyah,kbarwick1t@technorati.com,323-809-2305,25905,true,Sed ante. Vivamus tortor. Duis mattis egestas metus.
67,Eben De Bruyne,Mityana,ede1u@example.com,471-861-9523,27267,false,"Sed ante. Vivamus tortor. Duis mattis egestas metus.

Aenean fermentum. Donec ut mauris eget massa tempor convallis. Nulla neque libero, convallis eget, eleifend luctus, ultricies eu, nibh.

Quisque id justo sit amet sapien dignissim vestibulum. Vestibulum ante ipsum primis in faucibus orci luctus et ultrices posuere cubilia Curae; Nulla dapibus dolor vel est. Donec odio justo, sollicitudin ut, suscipit a, feugiat et, eros."
68,Eleanora Pratte,Huaqiao,epratte1v@adobe.com,177-170-7954,25045,true,"Integer ac leo. Pellentesque ultrices mattis odio. Donec vitae nisi.

Nam ultrices, libero non mattis pulvinar, nulla pede ullamcorper augue, a suscipit nulla elit ac nulla. Sed vel enim sit amet nunc viverra dapibus. Nulla suscipit ligula in lacus."
69,Kippy Bletso,Dayong,kbletso1w@gmpg.org,612-435-2533,44038,true,"Nullam sit amet turpis elementum ligula vehicula consequat. Morbi a ipsum. Integer a nibh.

In quis justo. Maecenas rhoncus aliquam lacus. Morbi quis tortor id nulla ultrices aliquet.

Maecenas leo odio, condimentum id, luctus nec, molestie sed, justo. Pellentesque viverra pede ac diam. Cras pellentesque volutpat dui."
70,Eleanor Kees,Bornu Yassu,ekees1x@sakura.ne.jp,272-137-6953,28897,true,"Aenean fermentum. Donec ut mauris eget massa tempor convallis. Nulla neque libero, convallis eget, eleifend luctus, ultricies eu, nibh.

Quisque id justo sit amet sapien dignissim vestibulum. Vestibulum ante ipsum primis in faucibus orci luctus et ultrices posuere cubilia Curae; Nulla dapibus dolor vel est. Donec odio justo, sollicitudin ut, suscipit a, feugiat et, eros."
71,Eliot Shalliker,Guanshan,eshalliker1y@bloglines.com,742-535-9736,35794,false,Integer ac leo. Pellentesque ultrices mattis odio. Donec vitae nisi.
72,Andrea Habbijam,Amaigbo,ahabbijam1z@ycombinator.com,602-184-6496,11057,true,"Mauris enim leo, rhoncus sed, vestibulum sit amet, cursus id, turpis. Integer aliquet, massa id lobortis convallis, tortor risus dapibus augue, vel accumsan tellus nisi eu orci. Mauris lacinia sapien quis libero.

Nullam sit amet turpis elementum ligula vehicula consequat. Morbi a ipsum. Integer a nibh.

In quis justo. Maecenas rhoncus aliquam lacus. Morbi quis tortor id nulla ultrices aliquet."
73,Bethany Beuscher,Colquechaca,bbeuscher20@miitbeian.gov.cn,654-708-6816,35991,false,"Nullam sit amet turpis elementum ligula vehicula consequat. Morbi a ipsum. Integer a nibh.

In quis justo. Maecenas rhoncus aliquam lacus. Morbi quis tortor id nulla ultrices aliquet."
74,Griz Gully,Wonocolo,ggully21@booking.com,130-442-8395,38463,false,"Praesent id massa id nisl venenatis lacinia. Aenean sit amet justo. Morbi ut odio.

Cras mi pede, malesuada in, imperdiet et, commodo vulputate, justo. In blandit ultrices enim. Lorem ipsum dolor sit amet, consectetuer adipiscing elit."
75,Brunhilda Clacson,Chinchiná,bclacson22@seesaa.net,149-666-4767,18656,true,"In hac habitasse platea dictumst. Etiam faucibus cursus urna. Ut tellus.

Nulla ut erat id mauris vulputate elementum. Nullam varius. Nulla facilisi.

Cras non velit nec nisi vulputate nonummy. Maecenas tincidunt lacus at velit. Vivamus vel nulla eget eros elementum pellentesque."
76,Yolande Kach,Blawi,ykach23@flavors.me,323-317-9911,18970,true,"Maecenas tristique, est et tempus semper, est quam pharetra magna, ac consequat metus sapien ut nunc. Vestibulum ante ipsum primis in faucibus orci luctus et ultrices posuere cubilia Curae; Mauris viverra diam vitae quam. Suspendisse potenti.

Nullam porttitor lacus at turpis. Donec posuere metus vitae ipsum. Aliquam non mauris."
77,Bertie Raylton,Uchaly,braylton24@ehow.com,268-319-3384,43086,false,"Etiam vel augue. Vestibulum rutrum rutrum neque. Aenean auctor gravida sem.

Praesent id massa id nisl venenatis lacinia. Aenean sit amet justo. Morbi ut odio.

Cras mi pede, malesuada in, imperdiet et, commodo vulputate, justo. In blandit ultrices enim. Lorem ipsum dolor sit amet, consectetuer adipiscing elit."
78,Maximilianus Camsey,Urzuf,mcamsey25@sourceforge.net,522-228-5002,36221,false,"Duis bibendum, felis sed interdum venenatis, turpis enim blandit mi, in porttitor pede justo eu massa. Donec dapibus. Duis at velit eu est congue elementum.

In hac habitasse platea dictumst. Morbi vestibulum, velit id pretium iaculis, diam erat fermentum justo, nec condimentum neque sapien placerat ante. Nulla justo."
79,Doti Iwanczyk,Shuibatang,diwanczyk26@e-recht24.de,882-619-5236,45499,true,Duis aliquam convallis nunc. Proin at turpis a pede posuere nonummy. Integer non velit.
80,Rayshell Rammell,Limoeiro do Norte,rrammell27@aboutads.info,830-326-7492,35273,true,"Morbi non lectus. Aliquam sit amet diam in magna bibendum imperdiet. Nullam orci pede, venenatis non, sodales sed, tincidunt eu, felis.

Fusce posuere felis sed lacus. Morbi sem mauris, laoreet ut, rhoncus aliquet, pulvinar sed, nisl. Nunc rhoncus dui vel sem."
81,Wallis Haddy,Dongming Chengguanzhen,whaddy28@google.de,405-384-4911,44545,true,"Cum sociis natoque penatibus et magnis dis parturient montes, nascetur ridiculus mus. Vivamus vestibulum sagittis sapien. Cum sociis natoque penatibus et magnis dis parturient montes, nascetur ridiculus mus."
82,Payton Lindenbluth,Ramotswa,plindenbluth29@google.com.hk,219-979-5441,23711,false,"Vestibulum ac est lacinia nisi venenatis tristique. Fusce congue, diam id ornare imperdiet, sapien urna pretium nisl, ut volutpat sapien arcu sed augue. Aliquam erat volutpat.

In congue. Etiam justo. Etiam pretium iaculis justo.

In hac habitasse platea dictumst. Etiam faucibus cursus urna. Ut tellus."
83,Saunderson Toohey,Thị Trấn Than Uyên,stoohey2a@privacy.gov.au,688-171-4650,20631,false,"Proin eu mi. Nulla ac enim. In tempor, turpis nec euismod scelerisque, quam turpis adipiscing lorem, vitae mattis nibh ligula nec sem.

Duis aliquam convallis nunc. Proin at turpis a pede posuere nonummy. Integer non velit.

Donec diam neque, vestibulum eget, vulputate ut, ultrices vel, augue. Vestibulum ante ipsum primis in faucibus orci luctus et ultrices posuere cubilia Curae; Donec pharetra, magna vestibulum aliquet ultrices, erat tortor sollicitudin mi, sit amet lobortis sapien sapien non mi. Integer ac neque."
84,Helaina Lundbech,Butubut Norte,hlundbech2b@gravatar.com,289-404-3722,31035,false,Duis bibendum. Morbi non quam nec dui luctus rutrum. Nulla tellus.
85,Vaughan Founds,Paris 15,vfounds2c@go.com,633-558-8300,29546,true,"In hac habitasse platea dictumst. Morbi vestibulum, velit id pretium iaculis, diam erat fermentum justo, nec condimentum neque sapien placerat ante. Nulla justo.

Aliquam quis turpis eget elit sodales scelerisque. Mauris sit amet eros. Suspendisse accumsan tortor quis turpis."
86,Hamlen Dalligan,Macapsing,hdalligan2d@yellowpages.com,936-216-6034,12000,false,"Aliquam quis turpis eget elit sodales scelerisque. Mauris sit amet eros. Suspendisse accumsan tortor quis turpis.

Sed ante. Vivamus tortor. Duis mattis egestas metus.

Aenean fermentum. Donec ut mauris eget massa tempor convallis. Nulla neque libero, convallis eget, eleifend luctus, ultricies eu, nibh."
87,Roy O'Cosgra,Estância,rocosgra2e@nba.com,963-352-4861,42499,true,"Maecenas leo odio, condimentum id, luctus nec, molestie sed, justo. Pellentesque viverra pede ac diam. Cras pellentesque volutpat dui.

Maecenas tristique, est et tempus semper, est quam pharetra magna, ac consequat metus sapien ut nunc. Vestibulum ante ipsum primis in faucibus orci luctus et ultrices posuere cubilia Curae; Mauris viverra diam vitae quam. Suspendisse potenti.

Nullam porttitor lacus at turpis. Donec posuere metus vitae ipsum. Aliquam non mauris."
88,Lowrance Tremeer,San Ricardo,ltremeer2f@shop-pro.jp,602-284-0824,39954,true,Sed ante. Vivamus tortor. Duis mattis egestas metus.
89,Pascale Doman,Kasungu,pdoman2g@bluehost.com,106-514-5787,41208,true,"Sed ante. Vivamus tortor. Duis mattis egestas metus.

Aenean fermentum. Donec ut mauris eget massa tempor convallis. Nulla neque libero, convallis eget, eleifend luctus, ultricies eu, nibh."
90,Rosabel Waeland,Koungheul,rwaeland2h@cnbc.com,474-558-1588,42817,false,"Phasellus in felis. Donec semper sapien a libero. Nam dui.

Proin leo odio, porttitor id, consequat in, consequat ut, nulla. Sed accumsan felis. Ut at dolor quis odio consequat varius.

Integer ac leo. Pellentesque ultrices mattis odio. Donec vitae nisi."
91,Ofelia Kasparski,Juegang,okasparski2i@hexun.com,115-504-4745,47587,false,"In hac habitasse platea dictumst. Morbi vestibulum, velit id pretium iaculis, diam erat fermentum justo, nec condimentum neque sapien placerat ante. Nulla justo."
92,Hamilton Agglio,Maxu,hagglio2j@unicef.org,939-317-3768,15417,false,"Duis aliquam convallis nunc. Proin at turpis a pede posuere nonummy. Integer non velit.

Donec diam neque, vestibulum eget, vulputate ut, ultrices vel, augue. Vestibulum ante ipsum primis in faucibus orci luctus et ultrices posuere cubilia Curae; Donec pharetra, magna vestibulum aliquet ultrices, erat tortor sollicitudin mi, sit amet lobortis sapien sapien non mi. Integer ac neque."
93,Say Spalton,Kuma,sspalton2k@apple.com,317-272-0944,22629,true,"Donec diam neque, vestibulum eget, vulputate ut, ultrices vel, augue. Vestibulum ante ipsum primis in faucibus orci luctus et ultrices posuere cubilia Curae; Donec pharetra, magna vestibulum aliquet ultrices, erat tortor sollicitudin mi, sit amet lobortis sapien sapien non mi. Integer ac neque.

Duis bibendum. Morbi non quam nec dui luctus rutrum. Nulla tellus."
94,Rennie Gorch,Otan Aiyegbaju,rgorch2l@oakley.com,387-649-7216,14850,true,Duis aliquam convallis nunc. Proin at turpis a pede posuere nonummy. Integer non velit.
95,Silvan Juppe,Marseille,sjuppe2m@ft.com,172-374-9076,48469,false,In congue. Etiam justo. Etiam pretium iaculis justo.
96,Antonin Belchamp,Salor,abelchamp2n@cornell.edu,222-169-2647,32556,false,"Curabitur at ipsum ac tellus semper interdum. Mauris ullamcorper purus sit amet nulla. Quisque arcu libero, rutrum ac, lobortis vel, dapibus at, diam."
97,Constantin Axworthy,Dangjiaxian,caxworthy2o@earthlink.net,519-976-3282,29467,false,"Praesent id massa id nisl venenatis lacinia. Aenean sit amet justo. Morbi ut odio.

Cras mi pede, malesuada in, imperdiet et, commodo vulputate, justo. In blandit ultrices enim. Lorem ipsum dolor sit amet, consectetuer adipiscing elit.

Proin interdum mauris non ligula pellentesque ultrices. Phasellus id sapien in sapien iaculis congue. Vivamus metus arcu, adipiscing molestie, hendrerit at, vulputate vitae, nisl."
98,Burt Cornau,Virojoki,bcornau2p@people.com.cn,731-858-5630,40770,false,"Praesent blandit. Nam nulla. Integer pede justo, lacinia eget, tincidunt eget, tempus vel, pede."
99,Rowan Lugden,San Miguel,rlugden2q@domainmarket.com,424-894-8233,20542,false,"Maecenas leo odio, condimentum id, luctus nec, molestie sed, justo. Pellentesque viverra pede ac diam. Cras pellentesque volutpat dui."
100,Fidelity Maharey,Tempeh Tengah,fmaharey2r@omniture.com,253-582-8871,30025,false,"Fusce posuere felis sed lacus. Morbi sem mauris, laoreet ut, rhoncus aliquet, pulvinar sed, nisl. Nunc rhoncus dui vel sem.

Sed sagittis. Nam congue, risus semper porta volutpat, quam pede lobortis ligula, sit amet eleifend pede libero quis orci. Nullam molestie nibh in lectus.

Pellentesque at nulla. Suspendisse potenti. Cras in purus eu magna vulputate luctus."
